password_sample,f_length,f_dict,f_leet,f_num,f_sym,f_seq,f_numeric_suffix,f_rule_pattern,label
canonist,1,1,0,0,0,0,0,0,DICTIONARY
cantors,0,1,0,0,0,0,0,0,DICTIONARY
preyouthful,1,1,0,0,0,0,0,0,DICTIONARY
farsightedly,1,1,0,0,0,0,0,0,DICTIONARY
insolation,1,1,0,0,0,0,0,0,DICTIONARY
geshurites,1,1,0,0,0,0,0,0,DICTIONARY
haploscopic,1,1,0,0,0,0,0,0,DICTIONARY
ay,0,1,0,0,0,0,0,0,DICTIONARY
rudas,0,1,0,0,0,0,0,0,DICTIONARY
endorsingly,1,1,0,0,0,0,0,0,DICTIONARY
eche,0,1,0,0,0,0,0,0,DICTIONARY
excision,1,1,0,0,0,0,0,0,DICTIONARY
hydropotes,1,1,0,0,0,0,0,0,DICTIONARY
disguisable,1,1,0,0,0,0,0,0,DICTIONARY
panmelodicon,1,1,0,0,0,0,0,0,DICTIONARY
accipenser,1,1,0,0,0,0,0,0,DICTIONARY
inwalled,1,1,0,0,0,0,0,0,DICTIONARY
noctilucin,1,1,0,0,0,0,0,0,DICTIONARY
juza,0,1,0,0,0,0,0,0,DICTIONARY
guillotines,1,1,0,0,0,0,0,0,DICTIONARY
pseudoparenchyme,1,1,0,0,0,0,0,0,DICTIONARY
indoctrinization,1,1,0,0,0,0,0,0,DICTIONARY
facultied,1,1,0,0,0,0,0,0,DICTIONARY
finickingness,1,1,0,0,0,0,0,0,DICTIONARY
haricots,1,1,0,0,0,0,0,0,DICTIONARY
macrocentrus,1,1,0,0,0,0,0,0,DICTIONARY
osteoncus,1,1,0,0,0,0,0,0,DICTIONARY
tarratine,1,1,0,0,0,0,0,0,DICTIONARY
ropelayer,1,1,0,0,0,0,0,0,DICTIONARY
pagtutunton,1,1,0,0,0,0,0,0,DICTIONARY
unminister,1,1,0,0,0,0,0,0,DICTIONARY
tallywoman,1,1,0,0,0,0,0,0,DICTIONARY
rhadamanthus,1,1,0,0,0,0,0,0,DICTIONARY
gambulin,1,1,0,0,0,0,0,0,DICTIONARY
kinabulu,1,1,0,0,0,0,0,0,DICTIONARY
tritanopia,1,1,0,0,0,0,0,0,DICTIONARY
impy,0,1,0,0,0,0,0,0,DICTIONARY
nonsymptomatic,1,1,0,0,0,0,0,0,DICTIONARY
threadbareness,1,1,0,0,0,0,0,0,DICTIONARY
delaminating,1,1,0,0,0,0,0,0,DICTIONARY
tordion,0,1,0,0,0,0,0,0,DICTIONARY
khotan,0,1,0,0,0,0,0,0,DICTIONARY
magpapulong,1,1,0,0,0,0,0,0,DICTIONARY
portcrayon,1,1,0,0,0,0,0,0,DICTIONARY
ornary,0,1,0,0,0,0,0,0,DICTIONARY
nullipennate,1,1,0,0,0,0,0,0,DICTIONARY
sanctiloquent,1,1,0,0,0,0,0,0,DICTIONARY
assimulate,1,1,0,0,0,0,0,0,DICTIONARY
preguiding,1,1,0,0,0,0,0,0,DICTIONARY
bald,0,1,0,0,0,0,0,0,DICTIONARY
ekspres,0,1,0,0,0,0,0,0,DICTIONARY
associatedness,1,1,0,0,0,0,0,0,DICTIONARY
interembrace,1,1,0,0,0,0,0,0,DICTIONARY
cuniforms,1,1,0,0,0,0,0,0,DICTIONARY
nonsale,0,1,0,0,0,0,0,0,DICTIONARY
farl,0,1,0,0,0,0,0,0,DICTIONARY
outstridden,1,1,0,0,0,0,0,0,DICTIONARY
gelts,0,1,0,0,0,0,0,0,DICTIONARY
chantepleure,1,1,0,0,0,0,0,0,DICTIONARY
lagok,0,1,0,0,0,0,0,0,DICTIONARY
superponderant,1,1,0,0,0,0,0,0,DICTIONARY
thiobacteria,1,1,0,0,0,0,0,0,DICTIONARY
acetylcyanide,1,1,0,0,0,0,0,0,DICTIONARY
lavalier,1,1,0,0,0,0,0,0,DICTIONARY
solenoid,1,1,0,0,0,0,0,0,DICTIONARY
corelating,1,1,0,0,0,0,0,0,DICTIONARY
magpakadalubhasa,1,1,0,0,0,0,0,0,DICTIONARY
becassine,1,1,0,0,0,0,0,0,DICTIONARY
acidic,0,1,0,0,0,0,0,0,DICTIONARY
napakasimple,1,1,0,0,0,0,0,0,DICTIONARY
swartly,0,1,0,0,0,0,0,0,DICTIONARY
unhumanly,1,1,0,0,0,0,0,0,DICTIONARY
interfactional,1,1,0,0,0,0,0,0,DICTIONARY
zapateado,1,1,0,0,0,0,0,0,DICTIONARY
splendescent,1,1,0,0,0,0,0,0,DICTIONARY
skysail,0,1,0,0,0,0,0,0,DICTIONARY
kaiwi,0,1,0,0,0,0,0,0,DICTIONARY
ureterostegnosis,1,1,0,0,0,0,0,0,DICTIONARY
contradicts,1,1,0,0,0,0,0,0,DICTIONARY
waned,0,1,0,0,0,0,0,0,DICTIONARY
alder,0,1,0,0,0,0,0,0,DICTIONARY
jumblingly,1,1,0,0,0,0,0,0,DICTIONARY
magwalat,1,1,0,0,0,0,0,0,DICTIONARY
shallowhearted,1,1,0,0,0,0,0,0,DICTIONARY
theines,0,1,0,0,0,0,0,0,DICTIONARY
dyip,0,1,0,0,0,0,0,0,DICTIONARY
bromocyanogen,1,1,0,0,0,0,0,0,DICTIONARY
moneyage,1,1,0,0,0,0,0,0,DICTIONARY
pleurostigma,1,1,0,0,0,0,0,0,DICTIONARY
henchboy,1,1,0,0,0,0,0,0,DICTIONARY
farthingales,1,1,0,0,0,0,0,0,DICTIONARY
unpromptly,1,1,0,0,0,0,0,0,DICTIONARY
mellifluousness,1,1,0,0,0,0,0,0,DICTIONARY
uniporme,1,1,0,0,0,0,0,0,DICTIONARY
acellular,1,1,0,0,0,0,0,0,DICTIONARY
pollutingly,1,1,0,0,0,0,0,0,DICTIONARY
vulvas,0,1,0,0,0,0,0,0,DICTIONARY
gossipping,1,1,0,0,0,0,0,0,DICTIONARY
twelvemo,1,1,0,0,0,0,0,0,DICTIONARY
jointworm,1,1,0,0,0,0,0,0,DICTIONARY
microeconomic,1,1,0,0,0,0,0,0,DICTIONARY
muscling,1,1,0,0,0,0,0,0,DICTIONARY
professorial,1,1,0,0,0,0,0,0,DICTIONARY
autocrat,1,1,0,0,0,0,0,0,DICTIONARY
isang lunok,1,1,0,0,0,0,0,0,DICTIONARY
thwarteous,1,1,0,0,0,0,0,0,DICTIONARY
sensistic,1,1,0,0,0,0,0,0,DICTIONARY
mesophyl,1,1,0,0,0,0,0,0,DICTIONARY
inradiuses,1,1,0,0,0,0,0,0,DICTIONARY
anisocratic,1,1,0,0,0,0,0,0,DICTIONARY
valerianate,1,1,0,0,0,0,0,0,DICTIONARY
promonarchic,1,1,0,0,0,0,0,0,DICTIONARY
obsidiyana,1,1,0,0,0,0,0,0,DICTIONARY
supercabinet,1,1,0,0,0,0,0,0,DICTIONARY
araneous,1,1,0,0,0,0,0,0,DICTIONARY
ragsorter,1,1,0,0,0,0,0,0,DICTIONARY
unseductiveness,1,1,0,0,0,0,0,0,DICTIONARY
testamentarily,1,1,0,0,0,0,0,0,DICTIONARY
visualizations,1,1,0,0,0,0,0,0,DICTIONARY
patubigan,1,1,0,0,0,0,0,0,DICTIONARY
recompilement,1,1,0,0,0,0,0,0,DICTIONARY
neuropharmacology,1,1,0,0,0,0,0,0,DICTIONARY
phrymaceous,1,1,0,0,0,0,0,0,DICTIONARY
kalarawan,1,1,0,0,0,0,0,0,DICTIONARY
exotheca,1,1,0,0,0,0,0,0,DICTIONARY
phleboid,1,1,0,0,0,0,0,0,DICTIONARY
fittiness,1,1,0,0,0,0,0,0,DICTIONARY
intussuscept,1,1,0,0,0,0,0,0,DICTIONARY
unweatherwise,1,1,0,0,0,0,0,0,DICTIONARY
spherulitize,1,1,0,0,0,0,0,0,DICTIONARY
indefinably,1,1,0,0,0,0,0,0,DICTIONARY
unbuying,1,1,0,0,0,0,0,0,DICTIONARY
maidishness,1,1,0,0,0,0,0,0,DICTIONARY
eburnean,1,1,0,0,0,0,0,0,DICTIONARY
trioperculate,1,1,0,0,0,0,0,0,DICTIONARY
bahagimbilang na di angkop,1,1,0,0,0,0,0,0,DICTIONARY
alumetize,1,1,0,0,0,0,0,0,DICTIONARY
crossflower,1,1,0,0,0,0,0,0,DICTIONARY
oboormition,1,1,0,0,0,0,0,0,DICTIONARY
micrometeoroid,1,1,0,0,0,0,0,0,DICTIONARY
paglaguma,1,1,0,0,0,0,0,0,DICTIONARY
athamaunte,1,1,0,0,0,0,0,0,DICTIONARY
pag-ilanglang,1,1,0,0,0,0,0,0,DICTIONARY
palaeopsychology,1,1,0,0,0,0,0,0,DICTIONARY
amplidyne,1,1,0,0,0,0,0,0,DICTIONARY
halfhourly,1,1,0,0,0,0,0,0,DICTIONARY
responsor,1,1,0,0,0,0,0,0,DICTIONARY
scleredema,1,1,0,0,0,0,0,0,DICTIONARY
inoxidability,1,1,0,0,0,0,0,0,DICTIONARY
minicars,1,1,0,0,0,0,0,0,DICTIONARY
unaphasic,1,1,0,0,0,0,0,0,DICTIONARY
lalaking ikakasal,1,1,0,0,0,0,0,0,DICTIONARY
quillaias,1,1,0,0,0,0,0,0,DICTIONARY
perspirative,1,1,0,0,0,0,0,0,DICTIONARY
zikkurats,1,1,0,0,0,0,0,0,DICTIONARY
tetramethylsilane,1,1,0,0,0,0,0,0,DICTIONARY
infertilely,1,1,0,0,0,0,0,0,DICTIONARY
paghahalughog,1,1,0,0,0,0,0,0,DICTIONARY
infructuosity,1,1,0,0,0,0,0,0,DICTIONARY
allogeneic,1,1,0,0,0,0,0,0,DICTIONARY
crooknosed,1,1,0,0,0,0,0,0,DICTIONARY
transpalmar,1,1,0,0,0,0,0,0,DICTIONARY
ornamentation,1,1,0,0,0,0,0,0,DICTIONARY
tarapatch,1,1,0,0,0,0,0,0,DICTIONARY
sabihin uli,1,1,0,0,0,0,0,0,DICTIONARY
pagtipon,1,1,0,0,0,0,0,0,DICTIONARY
mamamakya,1,1,0,0,0,0,0,0,DICTIONARY
disesteemed,1,1,0,0,0,0,0,0,DICTIONARY
zirconian,1,1,0,0,0,0,0,0,DICTIONARY
edelweiss,1,1,0,0,0,0,0,0,DICTIONARY
apagogic,1,1,0,0,0,0,0,0,DICTIONARY
ciconiiform,1,1,0,0,0,0,0,0,DICTIONARY
wonderdeed,1,1,0,0,0,0,0,0,DICTIONARY
unbosoming,1,1,0,0,0,0,0,0,DICTIONARY
disbursing,1,1,0,0,0,0,0,0,DICTIONARY
unwarely,1,1,0,0,0,0,0,0,DICTIONARY
autonomist,1,1,0,0,0,0,0,0,DICTIONARY
misfielding,1,1,0,0,0,0,0,0,DICTIONARY
marquesan,1,1,0,0,0,0,0,0,DICTIONARY
affrighted,1,1,0,0,0,0,0,0,DICTIONARY
unmaintainable,1,1,0,0,0,0,0,0,DICTIONARY
cleavages,1,1,0,0,0,0,0,0,DICTIONARY
scrollery,1,1,0,0,0,0,0,0,DICTIONARY
oceangoing,1,1,0,0,0,0,0,0,DICTIONARY
olenellidian,1,1,0,0,0,0,0,0,DICTIONARY
aquaculture,1,1,0,0,0,0,0,0,DICTIONARY
ablutions,1,1,0,0,0,0,0,0,DICTIONARY
surculigerous,1,1,0,0,0,0,0,0,DICTIONARY
ghostlily,1,1,0,0,0,0,0,0,DICTIONARY
malandrous,1,1,0,0,0,0,0,0,DICTIONARY
coolweed,1,1,0,0,0,0,0,0,DICTIONARY
scalariform,1,1,0,0,0,0,0,0,DICTIONARY
pronunciatory,1,1,0,0,0,0,0,0,DICTIONARY
candidateship,1,1,0,0,0,0,0,0,DICTIONARY
blackbuck,1,1,0,0,0,0,0,0,DICTIONARY
gustavus,1,1,0,0,0,0,0,0,DICTIONARY
scapulothoracic,1,1,0,0,0,0,0,0,DICTIONARY
lyricised,1,1,0,0,0,0,0,0,DICTIONARY
colopuncture,1,1,0,0,0,0,0,0,DICTIONARY
veinwise,1,1,0,0,0,0,0,0,DICTIONARY
cheerle@d22,1,1,1,1,1,0,1,1,RULE-BASED
crymodynia99,1,1,0,1,0,0,1,1,RULE-BASED
#amassing99,1,1,0,1,1,0,1,1,RULE-BASED
truchm@n1,1,1,1,1,1,0,0,1,RULE-BASED
fl@unching1,1,1,1,1,1,0,0,1,RULE-BASED
tr@vel0gues1,1,1,1,1,1,0,0,1,RULE-BASED
0en@nth@ldehyde22,1,1,1,1,1,0,1,1,RULE-BASED
m@nliness1,1,1,1,1,1,0,0,1,RULE-BASED
undercl@ss1,1,1,1,1,1,0,0,1,RULE-BASED
$scapegrace123,1,1,1,1,1,1,1,1,RULE-BASED
*paxwaxes123,1,1,0,1,1,1,1,1,RULE-BASED
l@pp0ni@n1,1,1,1,1,1,0,0,1,RULE-BASED
Iceroot%,1,1,0,0,1,0,0,0,RULE-BASED
#pawakas99,1,1,0,1,1,0,1,1,RULE-BASED
n0xi0us22,1,1,0,1,0,0,1,1,RULE-BASED
!paco123,1,1,0,1,1,1,1,1,RULE-BASED
*lightheadedness99,1,1,0,1,1,0,1,1,RULE-BASED
Apeptic%,1,1,0,0,1,0,0,0,RULE-BASED
Oversolidified$,1,1,1,0,1,0,0,1,RULE-BASED
&futilitarianism99,1,1,0,1,1,0,1,1,RULE-BASED
!putamina99,1,1,0,1,1,0,1,1,RULE-BASED
Flatterous!,1,1,0,0,1,0,0,0,RULE-BASED
unbarbarize2024,1,1,0,1,0,0,1,1,RULE-BASED
xylorcin2024,1,1,0,1,0,0,1,1,RULE-BASED
cl0udier1,1,1,0,1,0,0,0,0,RULE-BASED
rollover99,1,1,0,1,0,0,1,1,RULE-BASED
#merthiolate123,1,1,0,1,1,1,1,1,RULE-BASED
Complementizer*,1,1,0,0,1,0,0,0,RULE-BASED
lenticul0th@l@mic22,1,1,1,1,1,0,1,1,RULE-BASED
sampan12,1,1,0,1,0,0,1,1,RULE-BASED
retrieve12,1,1,0,1,0,0,1,1,RULE-BASED
awedly12,1,1,0,1,0,0,1,1,RULE-BASED
sewer@ges1,1,1,1,1,1,0,0,1,RULE-BASED
r@bb0nis22,1,1,1,1,1,0,1,1,RULE-BASED
dextr0sinistr@l1,1,1,1,1,1,0,0,1,RULE-BASED
Nitroglycerine&,1,1,0,0,1,0,0,0,RULE-BASED
buras12,0,1,0,1,0,0,1,1,RULE-BASED
Bearlet#,1,1,0,0,1,0,0,0,RULE-BASED
unstr@ngely22,1,1,1,1,1,0,1,1,RULE-BASED
@aspread123,1,1,1,1,1,1,1,1,RULE-BASED
h0m0sexu@lism1,1,1,1,1,1,0,0,1,RULE-BASED
Pagniniig@,1,1,1,0,1,0,0,1,RULE-BASED
@t@y-@t@y22,1,1,1,1,1,0,1,1,RULE-BASED
&semidry123,1,1,0,1,1,1,1,1,RULE-BASED
@uckl@nd22,1,1,1,1,1,0,1,1,RULE-BASED
!nondebilitation99,1,1,0,1,1,0,1,1,RULE-BASED
@darnix99,1,1,1,1,1,0,1,1,RULE-BASED
insufficiency22,1,1,0,1,0,0,1,1,RULE-BASED
westernly1,1,1,0,1,0,0,0,0,RULE-BASED
hysterosis123,1,1,0,1,0,1,1,1,RULE-BASED
Stoep*,0,1,0,0,1,0,0,0,RULE-BASED
Navig*,0,1,0,0,1,0,0,0,RULE-BASED
@unfenestral99,1,1,1,1,1,0,1,1,RULE-BASED
jacqueminot99,1,1,0,1,0,0,1,1,RULE-BASED
diy@n1,0,1,1,1,1,0,0,1,RULE-BASED
doctorates99,1,1,0,1,0,0,1,1,RULE-BASED
dracocephalum12,1,1,0,1,0,0,1,1,RULE-BASED
reaccept99,1,1,0,1,0,0,1,1,RULE-BASED
reflectionless12,1,1,0,1,0,0,1,1,RULE-BASED
Dirdum$,0,1,1,0,1,0,0,1,RULE-BASED
sn00ding1,1,1,0,1,0,0,0,0,RULE-BASED
!unminimised99,1,1,0,1,1,0,1,1,RULE-BASED
mitsukurinidae99,1,1,0,1,0,0,1,1,RULE-BASED
&subclei123,1,1,0,1,1,1,1,1,RULE-BASED
creirgist2024,1,1,0,1,0,0,1,1,RULE-BASED
$arctomys123,1,1,1,1,1,1,1,1,RULE-BASED
metamorphically12,1,1,0,1,0,0,1,1,RULE-BASED
*presignificative99,1,1,0,1,1,0,1,1,RULE-BASED
disallows2024,1,1,0,1,0,0,1,1,RULE-BASED
Puntillero&,1,1,0,0,1,0,0,0,RULE-BASED
Sambhogakaya&,1,1,0,0,1,0,0,0,RULE-BASED
ronsardist2024,1,1,0,1,0,0,1,1,RULE-BASED
reynold2024,1,1,0,1,0,0,1,1,RULE-BASED
Cushion$,1,1,1,0,1,0,0,1,RULE-BASED
c@d@mb@1,1,1,1,1,1,0,0,1,RULE-BASED
cognitives12,1,1,0,1,0,0,1,1,RULE-BASED
stewardly2024,1,1,0,1,0,0,1,1,RULE-BASED
mirfak123,1,1,0,1,0,1,1,1,RULE-BASED
st@phyl0c0cc0cci1,1,1,1,1,1,0,0,1,RULE-BASED
repugn@ncy22,1,1,1,1,1,0,1,1,RULE-BASED
n0nm0tile1,1,1,0,1,0,0,0,0,RULE-BASED
$essentials123,1,1,1,1,1,1,1,1,RULE-BASED
*botticelli99,1,1,0,1,1,0,1,1,RULE-BASED
#resigned99,1,1,0,1,1,0,1,1,RULE-BASED
bil0t1,0,1,0,1,0,0,0,0,RULE-BASED
Rueful&,0,1,0,0,1,0,0,0,RULE-BASED
*makalmot123,1,1,0,1,1,1,1,1,RULE-BASED
&flagpole99,1,1,0,1,1,0,1,1,RULE-BASED
Allopsychic&,1,1,0,0,1,0,0,0,RULE-BASED
di@gr@mm@tic@l1,1,1,1,1,1,0,0,1,RULE-BASED
#swacked123,1,1,0,1,1,1,1,1,RULE-BASED
!anticosmetics99,1,1,0,1,1,0,1,1,RULE-BASED
walang-gaanong-saysay2024,1,1,0,1,0,0,1,1,RULE-BASED
p@lugit@n1,1,1,1,1,1,0,0,1,RULE-BASED
$shudderful123,1,1,1,1,1,1,1,1,RULE-BASED
@g@h@s, @g@h@s22,1,1,1,1,1,0,1,1,RULE-BASED
captance2024,1,1,0,1,0,0,1,1,RULE-BASED
ichthyopsidan99,1,1,0,1,0,0,1,1,RULE-BASED
&wierd123,1,1,0,1,1,1,1,1,RULE-BASED
Crescendo@,1,1,1,0,1,0,0,1,RULE-BASED
larvated12,1,1,0,1,0,0,1,1,RULE-BASED
Habu%,0,1,0,0,1,0,0,0,RULE-BASED
Treat@,0,1,1,0,1,0,0,1,RULE-BASED
bubastite123,1,1,0,1,0,1,1,1,RULE-BASED
ch@stis@ble1,1,1,1,1,1,0,0,1,RULE-BASED
infinitary123,1,1,0,1,0,1,1,1,RULE-BASED
di-m@p@p@tigil1,1,1,1,1,1,0,0,1,RULE-BASED
siphuncul@r1,1,1,1,1,1,0,0,1,RULE-BASED
Dumbwaiters!,1,1,0,0,1,0,0,0,RULE-BASED
navars12,1,1,0,1,0,0,1,1,RULE-BASED
Batfish%,1,1,0,0,1,0,0,0,RULE-BASED
@depressiveness99,1,1,1,1,1,0,1,1,RULE-BASED
Disgracious&,1,1,0,0,1,0,0,0,RULE-BASED
Rudimentary@,1,1,1,0,1,0,0,1,RULE-BASED
!decresc99,1,1,0,1,1,0,1,1,RULE-BASED
Tenorino@,1,1,1,0,1,0,0,1,RULE-BASED
Herbalism#,1,1,0,0,1,0,0,0,RULE-BASED
checklist12,1,1,0,1,0,0,1,1,RULE-BASED
Gossipy%,1,1,0,0,1,0,0,0,RULE-BASED
m@k@@lp@s22,1,1,1,1,1,0,1,1,RULE-BASED
sitc0ms22,1,1,0,1,0,0,1,1,RULE-BASED
*plowrightia123,1,1,0,1,1,1,1,1,RULE-BASED
Enqueues#,1,1,0,0,1,0,0,0,RULE-BASED
*incongruently99,1,1,0,1,1,0,1,1,RULE-BASED
*calvish123,1,1,0,1,1,1,1,1,RULE-BASED
@wellmost99,1,1,1,1,1,0,1,1,RULE-BASED
#chronocinematography123,1,1,0,1,1,1,1,1,RULE-BASED
*outback99,1,1,0,1,1,0,1,1,RULE-BASED
Tickproof!,1,1,0,0,1,0,0,0,RULE-BASED
Eks%,0,1,0,0,1,0,0,0,RULE-BASED
Exsculptate%,1,1,0,0,1,0,0,0,RULE-BASED
h0useling22,1,1,0,1,0,0,1,1,RULE-BASED
f@tsi@1,0,1,1,1,1,0,0,1,RULE-BASED
micr0c0sm0s1,1,1,0,1,0,0,0,0,RULE-BASED
dingus123,1,1,0,1,0,1,1,1,RULE-BASED
m@gp@luw@ng1,1,1,1,1,1,0,0,1,RULE-BASED
g00dbys1,1,1,0,1,0,0,0,0,RULE-BASED
fiendship99,1,1,0,1,0,0,1,1,RULE-BASED
cartages99,1,1,0,1,0,0,1,1,RULE-BASED
bitiwan123,1,1,0,1,0,1,1,1,RULE-BASED
sortita2024,1,1,0,1,0,0,1,1,RULE-BASED
Pirene#,0,1,0,0,1,0,0,0,RULE-BASED
hiring1,0,1,0,1,0,0,0,0,RULE-BASED
cr0wnl@nd22,1,1,1,1,1,0,1,1,RULE-BASED
&menswears99,1,1,0,1,1,0,1,1,RULE-BASED
nonpriestly2024,1,1,0,1,0,0,1,1,RULE-BASED
@ntisuffr@ge22,1,1,1,1,1,0,1,1,RULE-BASED
furriered99,1,1,0,1,0,0,1,1,RULE-BASED
Dowery%,0,1,0,0,1,0,0,0,RULE-BASED
Pictography!,1,1,0,0,1,0,0,0,RULE-BASED
!metaprotein123,1,1,0,1,1,1,1,1,RULE-BASED
@chiders99,1,1,1,1,1,0,1,1,RULE-BASED
Metempsychosical#,1,1,0,0,1,0,0,0,RULE-BASED
susurr123,1,1,0,1,0,1,1,1,RULE-BASED
@ciliferous99,1,1,1,1,1,0,1,1,RULE-BASED
Nongaseness!,1,1,0,0,1,0,0,0,RULE-BASED
0rth0tist1,1,1,0,1,0,0,0,0,RULE-BASED
knaster12,1,1,0,1,0,0,1,1,RULE-BASED
gawa-gawaan12,1,1,0,1,0,0,1,1,RULE-BASED
!messing123,1,1,0,1,1,1,1,1,RULE-BASED
j@p@nicize1,1,1,1,1,1,0,0,1,RULE-BASED
tur0k1,0,1,0,1,0,0,0,0,RULE-BASED
%tormina123,1,1,0,1,1,1,1,1,RULE-BASED
@p0str0phise22,1,1,1,1,1,0,1,1,RULE-BASED
Squawberries!,1,1,0,0,1,0,0,0,RULE-BASED
ph@si@nine22,1,1,1,1,1,0,1,1,RULE-BASED
swonken99,1,1,0,1,0,0,1,1,RULE-BASED
Cushewbird#,1,1,0,0,1,0,0,0,RULE-BASED
Magsalisi*,1,1,0,0,1,0,0,0,RULE-BASED
crembalum123,1,1,0,1,0,1,1,1,RULE-BASED
Unwill%,0,1,0,0,1,0,0,0,RULE-BASED
ewest2024,1,1,0,1,0,0,1,1,RULE-BASED
omenta2024,1,1,0,1,0,0,1,1,RULE-BASED
archispore12,1,1,0,1,0,0,1,1,RULE-BASED
$entomical123,1,1,1,1,1,1,1,1,RULE-BASED
p@gsusu0b1,1,1,1,1,1,0,0,1,RULE-BASED
#atypicality99,1,1,0,1,1,0,1,1,RULE-BASED
@dv@nt@ged22,1,1,1,1,1,0,1,1,RULE-BASED
Adinida$,1,1,1,0,1,0,0,1,RULE-BASED
Scytale!,1,1,0,0,1,0,0,0,RULE-BASED
*fjords99,1,1,0,1,1,0,1,1,RULE-BASED
m@lcultiv@ti0n1,1,1,1,1,1,0,0,1,RULE-BASED
repercuss0r22,1,1,0,1,0,0,1,1,RULE-BASED
Custerite#,1,1,0,0,1,0,0,0,RULE-BASED
ur@min022,1,1,1,1,1,0,1,1,RULE-BASED
depictor123,1,1,0,1,0,1,1,1,RULE-BASED
photosynthesize99,1,1,0,1,0,0,1,1,RULE-BASED
!battailant99,1,1,0,1,1,0,1,1,RULE-BASED
Pagkukunwa&,1,1,0,0,1,0,0,0,RULE-BASED
@kinder99,1,1,1,1,1,0,1,1,RULE-BASED
preluxuriously99,1,1,0,1,0,0,1,1,RULE-BASED
puk@1,0,1,1,1,1,0,0,1,RULE-BASED
tricliniarch12,1,1,0,1,0,0,1,1,RULE-BASED
manibat12,1,1,0,1,0,0,1,1,RULE-BASED
tumblers2024,1,1,0,1,0,0,1,1,RULE-BASED
dimer@n1,1,1,1,1,1,0,0,1,RULE-BASED
mtscmd99,1,1,0,1,0,0,1,1,RULE-BASED
rusts99,0,1,0,1,0,0,1,1,RULE-BASED
!angulating123,1,1,0,1,1,1,1,1,RULE-BASED
specificizing99,1,1,0,1,0,0,1,1,RULE-BASED
iLy!3OfTHO8,1,0,0,1,1,0,0,0,BRUTE-FORCE
Zyz&PSCBCf%LXK,1,0,0,0,1,0,0,0,BRUTE-FORCE
ctvS5#qAAq,1,0,0,1,1,0,0,0,BRUTE-FORCE
3i46ojPR!H,1,0,0,1,1,0,0,0,BRUTE-FORCE
xngWAOoeIU1bI3,1,0,0,1,0,0,0,0,BRUTE-FORCE
eh*jbpgH9vR,1,0,0,1,1,0,0,0,BRUTE-FORCE
$I&Ytoj7MFG7Bt,1,0,1,1,1,0,0,1,BRUTE-FORCE
dB$wz5Y3jPTy,1,0,1,1,1,0,0,1,BRUTE-FORCE
dhQ$2r314H,1,0,1,1,1,0,0,1,BRUTE-FORCE
d5OsYn45Pw,1,0,0,1,0,0,0,0,BRUTE-FORCE
xItRMo5vRH,1,0,0,1,0,0,0,0,BRUTE-FORCE
GCEKC!&X%ffnLx,1,0,0,0,1,0,0,0,BRUTE-FORCE
9Z*7o!sTvH,1,0,0,1,1,0,0,0,BRUTE-FORCE
rp0s@CKV0Ef3,1,0,1,1,1,0,0,1,BRUTE-FORCE
ni5XYCO6X2,1,0,0,1,0,0,0,0,BRUTE-FORCE
MKWt%obkEC,1,0,0,0,1,0,0,0,BRUTE-FORCE
h1nmVR40pJI,1,0,0,1,0,0,0,0,BRUTE-FORCE
sQil2XGLm&,1,0,0,1,1,0,0,0,BRUTE-FORCE
urR%T8iwB&XLB1,1,0,0,1,1,0,0,0,BRUTE-FORCE
#z17Rsn!50p0,1,0,0,1,1,0,0,0,BRUTE-FORCE
EHTCS#2!A4,1,0,0,1,1,0,0,0,BRUTE-FORCE
RKD6ErUFNHL84A,1,0,0,1,0,0,0,0,BRUTE-FORCE
mzMh1QgZlVMcjP,1,0,0,1,0,0,0,0,BRUTE-FORCE
MEjjzrfURwy,1,0,0,0,0,0,0,0,BRUTE-FORCE
2%y3QroQUIkT,1,0,0,1,1,0,0,0,BRUTE-FORCE
db5#YYj1p9,1,0,0,1,1,0,0,0,BRUTE-FORCE
31uT5o*vqVJKj,1,0,0,1,1,0,0,0,BRUTE-FORCE
Nc34Mh#3LDs*!,1,0,0,1,1,0,0,0,BRUTE-FORCE
S6t0sB0#Ve2lt,1,0,0,1,1,0,0,0,BRUTE-FORCE
oAXcymy1xSklRC,1,0,0,1,0,0,0,0,BRUTE-FORCE
sLjNF&%SsHIQ,1,0,0,0,1,0,0,0,BRUTE-FORCE
AQ2yhm4wMp4,1,0,0,1,0,0,0,0,BRUTE-FORCE
xk%GnySa32s0,1,0,0,1,1,0,0,0,BRUTE-FORCE
mlPDdVnS6dbm,1,0,0,1,0,0,0,0,BRUTE-FORCE
iGSGqan2B7VR,1,0,0,1,0,0,0,0,BRUTE-FORCE
%f*4#PkzgjS,1,0,0,1,1,0,0,0,BRUTE-FORCE
BnTXDvn*@#4!RF,1,0,1,1,1,0,0,1,BRUTE-FORCE
pKUbiZ*6Eq4am,1,0,0,1,1,0,0,0,BRUTE-FORCE
A0#uYeknINnZ,1,0,0,1,1,0,0,0,BRUTE-FORCE
d#brO1Qpa2i0M,1,0,0,1,1,0,0,0,BRUTE-FORCE
yi*rzWhBDhZuY4,1,0,0,1,1,0,0,0,BRUTE-FORCE
O21L&xsNXYP9Nx,1,0,0,1,1,0,0,0,BRUTE-FORCE
78yyKG93XZ,1,0,0,1,0,0,0,0,BRUTE-FORCE
Bl3iM!7R8jGz,1,0,0,1,1,0,0,0,BRUTE-FORCE
vCf9njyFUJ1H2c,1,0,0,1,0,0,0,0,BRUTE-FORCE
of0sU0*c$@,1,0,1,1,1,0,0,1,BRUTE-FORCE
PB*ga*Gh!R,1,0,0,0,1,0,0,0,BRUTE-FORCE
Kb30R5OeNx3,1,0,0,1,0,0,0,0,BRUTE-FORCE
nA!zOyreJyh@,1,0,1,0,1,0,0,1,BRUTE-FORCE
ANDJvRwb%cjG,1,0,0,0,1,0,0,0,BRUTE-FORCE
NnPrXOR55pEwfp,1,0,0,1,0,0,0,0,BRUTE-FORCE
EmOPN3tX!lBm,1,0,0,1,1,0,0,0,BRUTE-FORCE
Cti%lv5vPJ8,1,0,0,1,1,0,0,0,BRUTE-FORCE
RuiA&HDkL%0lR,1,0,0,1,1,0,0,0,BRUTE-FORCE
Th!0a3qLpcUq!,1,0,0,1,1,0,0,0,BRUTE-FORCE
Sk!tt&rAOJ,1,0,0,0,1,0,0,0,BRUTE-FORCE
%9T0cZal0v,1,0,0,1,1,0,0,0,BRUTE-FORCE
3gugZv$&H#3,1,0,1,1,1,0,0,1,BRUTE-FORCE
vd#Bpexx%XxRq,1,0,0,0,1,0,0,0,BRUTE-FORCE
efAwRxRPC#HWh,1,0,0,0,1,0,0,0,BRUTE-FORCE
vc3mw0Dve5ebnx,1,0,0,1,0,0,0,0,BRUTE-FORCE
IPS&X9q4FVAPC,1,0,0,1,1,0,0,0,BRUTE-FORCE
VAG9PoR%2oka&J,1,0,0,1,1,0,0,0,BRUTE-FORCE
pMdCtL#TcVM0,1,0,0,1,1,0,0,0,BRUTE-FORCE
k49I7B0a0f##&,1,0,0,1,1,0,0,0,BRUTE-FORCE
0C#JjzTMEYzL,1,0,0,1,1,0,0,0,BRUTE-FORCE
oNdGvQ5acgPzj,1,0,0,1,0,0,0,0,BRUTE-FORCE
N#rxtJZ5mFP2i,1,0,0,1,1,0,0,0,BRUTE-FORCE
vp4o7nV5JsCYY,1,0,0,1,0,0,0,0,BRUTE-FORCE
3Nynx#s3NA6J6,1,0,0,1,1,0,0,0,BRUTE-FORCE
Vo!yxq3TOg,1,0,0,1,1,0,0,0,BRUTE-FORCE
PZTmrh7e06,1,0,0,1,0,0,1,1,BRUTE-FORCE
e6NxHmxQfQ,1,0,0,1,0,0,0,0,BRUTE-FORCE
Qr&ERWx7xSgkQb,1,0,0,1,1,0,0,0,BRUTE-FORCE
*P2FNlDixRuhy,1,0,0,1,1,0,0,0,BRUTE-FORCE
TQaUIIOYzTqfv,1,0,0,0,0,0,0,0,BRUTE-FORCE
g@PGQYI3yr,1,0,1,1,1,0,0,1,BRUTE-FORCE
XN36&rc2At@kR,1,0,1,1,1,0,0,1,BRUTE-FORCE
r6xxqvV31YdBn5,1,0,0,1,0,0,0,0,BRUTE-FORCE
oHwL4NsXol!mLo,1,0,0,1,1,0,0,0,BRUTE-FORCE
GN8f@Hp4x$7,1,0,1,1,1,0,0,1,BRUTE-FORCE
A!75@zjMTn1zbB,1,0,1,1,1,0,0,1,BRUTE-FORCE
YtLlKRGzwpzqd,1,0,0,0,0,0,0,0,BRUTE-FORCE
AAHCfc8GJSk3$,1,0,1,1,1,0,0,1,BRUTE-FORCE
L1DBiOOsqTzrJZ,1,0,0,1,0,0,0,0,BRUTE-FORCE
NESeNl&uvW,1,0,0,0,1,0,0,0,BRUTE-FORCE
*@Ew@jgjuv,1,0,1,0,1,0,0,1,BRUTE-FORCE
!UkMnDIoW$U#L,1,0,1,0,1,0,0,1,BRUTE-FORCE
WL&sDV53f#POX,1,0,0,1,1,0,0,0,BRUTE-FORCE
wnUHQ5CZyY6SnN,1,0,0,1,0,0,0,0,BRUTE-FORCE
Zm1jfY7%Yj,1,0,0,1,1,0,0,0,BRUTE-FORCE
6gLAJv3TADnuk,1,0,0,1,0,0,0,0,BRUTE-FORCE
Fbawiviq9m,1,0,0,1,0,0,0,0,BRUTE-FORCE
5LPOnFdYec5,1,0,0,1,0,0,0,0,BRUTE-FORCE
K&ae1nEoKJ,1,0,0,1,1,0,0,0,BRUTE-FORCE
rH2nWCvx@H,1,0,1,1,1,0,0,1,BRUTE-FORCE
BzGozo#2Yod*,1,0,0,1,1,0,0,0,BRUTE-FORCE
o&rcmm@ged4,1,0,1,1,1,0,0,1,BRUTE-FORCE
DBZ!e4*IUs,1,0,0,1,1,0,0,0,BRUTE-FORCE
wRrzod&3z&Dqb,1,0,0,1,1,0,0,0,BRUTE-FORCE
YFU4%xw3Z#z,1,0,0,1,1,0,0,0,BRUTE-FORCE
PW&dD4Jy1Q%zJ,1,0,0,1,1,0,0,0,BRUTE-FORCE
HZzx0YBITkn,1,0,0,1,0,0,0,0,BRUTE-FORCE
5$ovQrOCn2p,1,0,1,1,1,0,0,1,BRUTE-FORCE
ivclnr!@OUVQu,1,0,1,0,1,0,0,1,BRUTE-FORCE
1J$DIkFuuTn17,1,0,1,1,1,0,1,1,BRUTE-FORCE
R5NyJzyjqYy,1,0,0,1,0,0,0,0,BRUTE-FORCE
2vXAnr2TC%,1,0,0,1,1,0,0,0,BRUTE-FORCE
yer$DuOmwB!cl,1,0,1,0,1,0,0,1,BRUTE-FORCE
tf$ouk8aMnYUJ,1,0,1,1,1,0,0,1,BRUTE-FORCE
#4nQ7RI7zGSdpC,1,0,0,1,1,0,0,0,BRUTE-FORCE
8Bw7C2fIVr,1,0,0,1,0,0,0,0,BRUTE-FORCE
&NICpCt2pXaR,1,0,0,1,1,0,0,0,BRUTE-FORCE
BfW*ZpueE@WD,1,0,1,0,1,0,0,1,BRUTE-FORCE
A0SVALQiJJ6b&,1,0,0,1,1,0,0,0,BRUTE-FORCE
h4vWMlrfjTBp,1,0,0,1,0,0,0,0,BRUTE-FORCE
OVGymdKZxc,1,0,0,0,0,0,0,0,BRUTE-FORCE
cId6%f!AnDS,1,0,0,1,1,0,0,0,BRUTE-FORCE
6x79snyy@f,1,0,1,1,1,0,0,1,BRUTE-FORCE
Tl1Gg6tZfku,1,0,0,1,0,0,0,0,BRUTE-FORCE
8%3n06Hiy*Nv,1,0,0,1,1,0,0,0,BRUTE-FORCE
EaTmTj&JAD,1,0,0,0,1,0,0,0,BRUTE-FORCE
fPilka%!X%h18Y,1,0,0,1,1,0,0,0,BRUTE-FORCE
Wk1e7Gzc$sE%S8,1,0,1,1,1,0,0,1,BRUTE-FORCE
0U8FcLsjTUo,1,0,0,1,0,0,0,0,BRUTE-FORCE
DJn0wNZ2aP0!2,1,0,0,1,1,0,0,0,BRUTE-FORCE
u#rS7Anfs@KTu,1,0,1,1,1,0,0,1,BRUTE-FORCE
7#thnVn0ceF&,1,0,0,1,1,0,0,0,BRUTE-FORCE
@jJYLXJBmMI4,1,0,1,1,1,0,0,1,BRUTE-FORCE
kbkY9jM5duhE%,1,0,0,1,1,0,0,0,BRUTE-FORCE
jO42UMPqLD3,1,0,0,1,0,0,0,0,BRUTE-FORCE
F@#snh1n5S,1,0,1,1,1,0,0,1,BRUTE-FORCE
6y%B0rANP42,1,0,0,1,1,0,1,1,BRUTE-FORCE
Eo1DzBrOR$V,1,0,1,1,1,0,0,1,BRUTE-FORCE
qo9sW0bg&Y,1,0,0,1,1,0,0,0,BRUTE-FORCE
RbZqi6R!w#qU,1,0,0,1,1,0,0,0,BRUTE-FORCE
kL7gLCUQ@p3R5r,1,0,1,1,1,0,0,1,BRUTE-FORCE
EUl0&LNxJ0OE%3,1,0,0,1,1,0,0,0,BRUTE-FORCE
Lo7Lf&3tyatz,1,0,0,1,1,0,0,0,BRUTE-FORCE
B7CAp0Aw4Ne,1,0,0,1,0,0,0,0,BRUTE-FORCE
FPmghjqDRhpK,1,0,0,0,0,0,0,0,BRUTE-FORCE
XB8jsRH9Fu,1,0,0,1,0,0,0,0,BRUTE-FORCE
ceNQg$lh8@g,1,0,1,1,1,0,0,1,BRUTE-FORCE
5iALaWtGIe7yU,1,0,0,1,0,0,0,0,BRUTE-FORCE
mIPlF62WZ!y,1,0,0,1,1,0,0,0,BRUTE-FORCE
Zxt#8401w%8z,1,0,0,1,1,0,0,0,BRUTE-FORCE
c1sutwTyfqUU,1,0,0,1,0,0,0,0,BRUTE-FORCE
hJPTOocU$gQEj,1,0,1,0,1,0,0,1,BRUTE-FORCE
IGj2LUVYypE,1,0,0,1,0,0,0,0,BRUTE-FORCE
SA0H*c0ktsz,1,0,0,1,1,0,0,0,BRUTE-FORCE
nC%rI40Fl7ZAf,1,0,0,1,1,0,0,0,BRUTE-FORCE
U4rUcqx$K0O,1,0,1,1,1,0,0,1,BRUTE-FORCE
8WYA8WGK0kKY,1,0,0,1,0,0,0,0,BRUTE-FORCE
Ydlc8EBQii,1,0,0,1,0,0,0,0,BRUTE-FORCE
$WlF%KUQM7,1,0,1,1,1,0,0,1,BRUTE-FORCE
C63YdPR%mL0,1,0,0,1,1,0,0,0,BRUTE-FORCE
6yiWwLJ#Pugs,1,0,0,1,1,0,0,0,BRUTE-FORCE
NsbQUQQ!cBKtQ,1,0,0,0,1,0,0,0,BRUTE-FORCE
Bs3&%Aapruuzg,1,0,0,1,1,0,0,0,BRUTE-FORCE
HNc6!ec5N8z#LD,1,0,0,1,1,0,0,0,BRUTE-FORCE
CLxK&#AkA24,1,0,0,1,1,0,1,1,BRUTE-FORCE
PScYe2$upw$eV,1,0,1,1,1,0,0,1,BRUTE-FORCE
zJD7eJg@MaVEq,1,0,1,1,1,0,0,1,BRUTE-FORCE
Z17f!Jfm8*fva,1,0,0,1,1,0,0,0,BRUTE-FORCE
e@OT6Y8J&Z,1,0,1,1,1,0,0,1,BRUTE-FORCE
aymFS*$G0b,1,0,1,1,1,0,0,1,BRUTE-FORCE
%HgVZXZC6$*eM,1,0,1,1,1,0,0,1,BRUTE-FORCE
Xgs!s8fSmI!Oc1,1,0,0,1,1,0,0,0,BRUTE-FORCE
iHG1fLMcK0#ixo,1,0,0,1,1,0,0,0,BRUTE-FORCE
AhJms@iwTI,1,0,1,0,1,0,0,1,BRUTE-FORCE
nLAQqSns*zEo%,1,0,0,0,1,0,0,0,BRUTE-FORCE
9vYA0qMi*YwiNn,1,0,0,1,1,0,0,0,BRUTE-FORCE
Xe2%X8SOdj@Fw,1,0,1,1,1,0,0,1,BRUTE-FORCE
b2@Nd&!Cdu,1,0,1,1,1,0,0,1,BRUTE-FORCE
L03nlSXj@$f6,1,0,1,1,1,0,0,1,BRUTE-FORCE
lPQkJMERo2Me6,1,0,0,1,0,0,0,0,BRUTE-FORCE
4q62ac!Y9d,1,0,0,1,1,0,0,0,BRUTE-FORCE
q3XV6SuL6Lv,1,0,0,1,0,0,0,0,BRUTE-FORCE
8z9GPhmnAVe,1,0,0,1,0,0,0,0,BRUTE-FORCE
6WokjXTHtu,1,0,0,1,0,0,0,0,BRUTE-FORCE
Eeorm*GrfVX6i,1,0,0,1,1,0,0,0,BRUTE-FORCE
K9C!su0bhy,1,0,0,1,1,0,0,0,BRUTE-FORCE
vE1RFBvDD&9,1,0,0,1,1,0,0,0,BRUTE-FORCE
NPQVxE4J%6PHP,1,0,0,1,1,0,0,0,BRUTE-FORCE
f8DhPO*8W*U2,1,0,0,1,1,0,0,0,BRUTE-FORCE
#!KjbLNZ!GJrt,1,0,0,0,1,0,0,0,BRUTE-FORCE
b4riXj%%mEp,1,0,0,1,1,0,0,0,BRUTE-FORCE
I#DHTW$5Ks6WW,1,0,1,1,1,0,0,1,BRUTE-FORCE
Q6uzuONw*&LRO6,1,0,0,1,1,0,0,0,BRUTE-FORCE
bD93jVLeX#XHyV,1,0,0,1,1,0,0,0,BRUTE-FORCE
9PS#okogVv4,1,0,0,1,1,0,0,0,BRUTE-FORCE
!AE8VduACd,1,0,0,1,1,0,0,0,BRUTE-FORCE
@#A%JMJRGhHYQd,1,0,1,0,1,0,0,1,BRUTE-FORCE
aSnRCFqK%mjVM,1,0,0,0,1,0,0,0,BRUTE-FORCE
C!ai19byNmegY,1,0,0,1,1,0,0,0,BRUTE-FORCE
eE#2H%yKUMaO,1,0,0,1,1,0,0,0,BRUTE-FORCE
80cvJ#t9LjzP3X,1,0,0,1,1,0,0,0,BRUTE-FORCE
XyacyCjiHGJ,1,0,0,0,0,0,0,0,BRUTE-FORCE
9Ooxr%cDjw1i,1,0,0,1,1,0,0,0,BRUTE-FORCE
ALtdWnTJ*Kv&&,1,0,0,0,1,0,0,0,BRUTE-FORCE
